{
 "csfyu": false,
 "qeybo": true,
 "qpgcx": -26,
 "qyrgj": true,
 "hscfd": true,
 "hjxyy": 0.8535170232164399,
 "zjlso": 0.15632905729596147,
 "ueoce": 0.8470480156266897,
 "fkykp": 19,
 "kwhpd": -10,
 "qfkjr": 0.17645397408741592,
 "kkmpt": 0.20911550684191604
}