{
 "tlafr": 0.3281890089029085,
 "uofix": 0.3281890089029085,
 "xcamh": 0.3281890089029085,
 "mrngl": 0.3281890089029085,
 "efoto": -89,
 "vokab": 0.3281890089029085,
 "guxmb": 0.3281890089029085,
 "nmiuk": -89,
 "akdfx": 0.3281890089029085,
 "xader": true,
 "ysybr": 0.3281890089029085
}