{
 "cbzfi": 85,
 "upqwj": 0.7761982724715527,
 "tcgjb": 0.7761982724715527,
 "sgnzp": 85,
 "gtrdu": false,
 "woppe": 0.7761982724715527,
 "trypw": false
}